product_page_url,universal_product_code (upc),book_title,price_including_tax,price_excluding_tax,quantity_available,product_description,category,review_rating,image_url
http://books.toscrape.com/catalogue/birdsong-a-story-in-pictures_975/index.html,9528d0948525bf5f,Birdsong: A Story in Pictures,Â£54.64,Â£54.64,In stock (19 available),"Bring the thrilling story of one red bird to life. When an innocent bird meets two cruel kids, their world is forever changed. But exactly how that change unfolds is up to you, in the tradition of KamishibaiâJapanese paper theater. The wordless story by master cartoonist James Sturm is like a haikuâthe elegant images leave space for children to inhabit this timeless taleâa Bring the thrilling story of one red bird to life. When an innocent bird meets two cruel kids, their world is forever changed. But exactly how that change unfolds is up to you, in the tradition of KamishibaiâJapanese paper theater. The wordless story by master cartoonist James Sturm is like a haikuâthe elegant images leave space for children to inhabit this timeless taleâand make it their own, leading them to learn an ultimate lesson they'll never forget.James Sturm is the author of several books for kids including the Adventures in Cartooning series (with Andrew Arnold and Alexis Frederick-Frost) and the forthcoming Ape and Armadillo. James also helped start a college for cartoonists, The Center for Cartoon Studies, in the small railroad village of White River Junction, Vermont. ...more",Childrens,Three,images/Birdsong: A Story in Pictures.jpg
http://books.toscrape.com/catalogue/the-bear-and-the-piano_967/index.html,9f6568e9c95f60b0,The Bear and the Piano,Â£36.89,Â£36.89,In stock (18 available),"One day, a young bear stumbles upon something he has never seen before in the forest. As time passes, he teaches himself how to play the strange instrument, and eventually the beautiful sounds are heard by a father and son who are picnicking in the woods. The bear goes with them on an incredible journey to New York, where his piano playing makes him a huge star. He has fam One day, a young bear stumbles upon something he has never seen before in the forest. As time passes, he teaches himself how to play the strange instrument, and eventually the beautiful sounds are heard by a father and son who are picnicking in the woods. The bear goes with them on an incredible journey to New York, where his piano playing makes him a huge star. He has fame, fortune and all the music in the world, but he misses the friends and family he has left behind. A moving tale of exploration and belonging from an exciting debut author-illustrator. ...more",Childrens,One,images/The Bear and the Piano.jpg
http://books.toscrape.com/catalogue/the-secret-of-dreadwillow-carse_944/index.html,b5ea0b5dabed25a8,The Secret of Dreadwillow Carse,Â£56.13,Â£56.13,In stock (16 available),"A princess and a peasant girl must embark on a dangerous quest to outwit a centuries-old warning foretelling the fall of the Monarchy in this modern fairytale. In the center of the verdant Monarchy lies Dreadwillow Carse, a black and desolate bog that the happy people of the land do their best to ignore. Little is known about it, except for one dire warning: If any monarc A princess and a peasant girl must embark on a dangerous quest to outwit a centuries-old warning foretelling the fall of the Monarchy in this modern fairytale. Â  In the center of the verdant Monarchy lies Dreadwillow Carse, a black and desolate bog that the happy people of the land do their best to ignore. Little is known about it, except for one dire warning: If any monarch enters Dreadwillow Carse, then the Monarchy will fall.Â Twelve-year-old Princess Jeniah yearns to know what the marsh could possibly conceal that might topple her familyâs thousand-year reign of peace and prosperity. Meanwhile, in the nearby town of Emberfell, where everyone lives with unending joy, a girl named Aon hides a sorrow she can never reveal. She knows that something in the carse--something that sings a haunting tune only Aon can hear--holds the cure for her sadness. Yet no matter how many times she tries to enter, the terror-inducing dreadwillow trees keep her away. After a chance meeting, Princess Jeniah and Aon hatch a plan to send Aon into the heart of the carse to unlock its darkest secret. But when Aon doesnât return, a guilt-stricken Jeniah must enter the carse to try and rescue her friend--even if it means risking the entire Monarchy. ...more",Childrens,One,images/The Secret of Dreadwillow Carse.jpg
http://books.toscrape.com/catalogue/the-white-cat-and-the-monk-a-retelling-of-the-poem-pangur-ban_865/index.html,37c0cb19713d8dda,The White Cat and the Monk: A Retelling of the Poem âPangur BÃ¡nâ,Â£58.08,Â£58.08,In stock (15 available),"A monk leads a simple life. He studies his books late into the evening and searches for truth in their pages. His cat, Pangur, leads a simple life, too, chasing prey in the darkness. As night turns to dawn, Pangur leads his companion to the truth he has been seeking.The White Cat and the Monk is a retelling of the classic Old Irish poem âPangur BÃ¡n.â With Jo Ellen Bogartâs A monk leads a simple life. He studies his books late into the evening and searches for truth in their pages. His cat, Pangur, leads a simple life, too, chasing prey in the darkness. As night turns to dawn, Pangur leads his companion to the truth he has been seeking.The White Cat and the Monk is a retelling of the classic Old Irish poem âPangur BÃ¡n.â With Jo Ellen Bogartâs simple and elegant narration and Sydney Smithâs classically inspired images, this contemplative story pays tribute to the wisdom of animals and the wonders of the natural world. ...more",Childrens,Four,images/The White Cat and the Monk: A Retelling of the Poem âPangur BÃ¡nâ.jpg
http://books.toscrape.com/catalogue/little-red_817/index.html,4aa03792b50f0b22,Little Red,Â£13.47,Â£13.47,In stock (15 available),"On her way to Grandmas house, Little Red Riding Hood meets a wolf. Now, that might scare some little girlsbut not this little girl! She knows just what the wolf is up to, and shes not going to let him get away with it. In this updated fairy tale with a mischievous twist, talented newcomer Bethan Woollvin uses sly humor, striking visuals, and a dark irreverence to turn a fa On her way to Grandmas house, Little Red Riding Hood meets a wolf. Now, that might scare some little girlsbut not this little girl! She knows just what the wolf is up to, and shes not going to let him get away with it. In this updated fairy tale with a mischievous twist, talented newcomer Bethan Woollvin uses sly humor, striking visuals, and a dark irreverence to turn a familiar tale on its head. ...more",Childrens,Three,images/Little Red.jpg
http://books.toscrape.com/catalogue/walt-disneys-alice-in-wonderland_777/index.html,6a31307a81e8f3a8,Walt Disney's Alice in Wonderland,Â£12.96,Â£12.96,In stock (14 available),"The fantastical tale of a young girl chasing her White Rabbit has delighted children since Lewis Carroll wrote it generations ago. Here his Wonderland shines anew, viewed through the looking glasses of two incomparable artists.Mary Blair's vibrant art helped shape the look of Walt Disney's classic animated film. Collected in a picture book for the first time, her illustrat The fantastical tale of a young girl chasing her White Rabbit has delighted children since Lewis Carroll wrote it generations ago. Here his Wonderland shines anew, viewed through the looking glasses of two incomparable artists.Mary Blair's vibrant art helped shape the look of Walt Disney's classic animated film. Collected in a picture book for the first time, her illustrations capture the essence of such memorable characters as the Queen of Hearts and the Mad Hatter with stunning immediacy. Jon Scieszka's captivating text celebrates all that is curious-and all that is nonsensical-about the world that holds Alice spellbound, from a deliciously absurd tea party to the spectacle of a kingdom of playing cards . Brimming with wit and wonder, this sparkling retelling will enchant readers from the moment Alice falls down the rabbit hole, whether or not they've made the journey before. ...more",Childrens,Five,images/Walt Disney's Alice in Wonderland.jpg
http://books.toscrape.com/catalogue/twenty-yawns_773/index.html,1d6443ffba9dfd80,Twenty Yawns,Â£22.08,Â£22.08,In stock (14 available),"Featuring lyrical text and beautiful illustrations, this bedtime tale from Pulitzer Prize winner Jane Smiley and Caldecott Honor recipient Lauren Castillo evokes the splashy fun of the beach and the quietude of a moonlit night, with twenty yawns sprinkled in for children to discover and count.As her mom reads a bedtime story, Lucy drifts off. But later, she awakens in a da Featuring lyrical text and beautiful illustrations, this bedtime tale from Pulitzer Prize winner Jane Smiley and Caldecott Honor recipient Lauren Castillo evokes the splashy fun of the beach and the quietude of a moonlit night, with twenty yawns sprinkled in for children to discover and count.As her mom reads a bedtime story, Lucy drifts off. But later, she awakens in a dark, still room, and everything looks mysterious. How will she ever get back to sleep? ...more",Childrens,Two,images/Twenty Yawns.jpg
http://books.toscrape.com/catalogue/rain-fish_728/index.html,a6454e329f872b78,Rain Fish,Â£23.57,Â£23.57,In stock (14 available),"Get to know the ârain fishâ that come to life during rainstorms in this gorgeous exploration of nature with vibrant collage artwork from the Caldecott Honorâwinning illustrator of Chicka Chicka Boom Boom.When blue sky turns gray and it rains all day, sometimes rain fish come out and play. They swim among discards and debris. Do you see them, too? Or is it just me?Through l Get to know the ârain fishâ that come to life during rainstorms in this gorgeous exploration of nature with vibrant collage artwork from the Caldecott Honorâwinning illustrator of Chicka Chicka Boom Boom.When blue sky turns gray and it rains all day, sometimes rain fish come out and play. They swim among discards and debris. Do you see them, too? Or is it just me?Through lyrical text and her incomparable mixed-media collage illustrations, Lois Ehlert introduces readers to ârain fishââthe varied, colorful, and unique little collections of materials that float along on streams of rain water during storms. From a scrap of newspaper with a seashell eye and feather smile to a piece of cardboard with an orange peel eye and a leaf for a fin, Ehlertâs rain fish come in all shapes and sizes.Complete with an authorâs note explaining how Ehlert collected the found materials she used to make the book over the course of a year, Rain Fish is a spirited celebration of imagination, creativity, and observing the world in your own wayâand it invites you to discover your own rain fish. ...more",Childrens,Three,images/Rain Fish.jpg
http://books.toscrape.com/catalogue/once-was-a-time_724/index.html,e34efcc824685332,Once Was a Time,Â£18.28,Â£18.28,In stock (14 available),"In the war-ravaged England of 1940, Charlotte Bromley is sure of only one thing: Kitty McLaughlin is her best friend in the whole world. But when Charlotte's scientist father makes an astonishing discovery that the Germans will covet for themselves, Charlotte is faced with an impossible choice between danger and safety. Should she remain with her friend or journey to anoth In the war-ravaged England of 1940, Charlotte Bromley is sure of only one thing: Kitty McLaughlin is her best friend in the whole world. But when Charlotte's scientist father makes an astonishing discovery that the Germans will covet for themselves, Charlotte is faced with an impossible choice between danger and safety. Should she remain with her friend or journey to another time and place? Her split-second decision has huge consequences, and when she finds herself alone in the world, unsure of Kitty's fate, she knows that somehow, some way, she must find her way back to her friend. Written in the spirit of classic time-travel tales, this book is an imaginative and heartfelt tribute to the unbreakable ties of friendship. ...more",Childrens,Two,images/Once Was a Time.jpg
http://books.toscrape.com/catalogue/luis-paints-the-world_714/index.html,5b43cae640f2338a,Luis Paints the World,Â£53.95,Â£53.95,In stock (14 available),"Luis wishes Nico wasn't leaving for the Army. To show Nico he doesn't need to go, Luis begins a mural on the alleyway wall. Their house, the river, the Parque de las Ardillasâit's the world, all right there. Won't Nico miss Mami's sweet flan? What about their baseball games in the street? But as Luis awaits his brother's return from duty, his own world expands as well, thr Luis wishes Nico wasn't leaving for the Army. To show Nico he doesn't need to go, Luis begins a mural on the alleyway wall. Their house, the river, the Parque de las Ardillasâit's the world, all right there. Won't Nico miss Mami's sweet flan? What about their baseball games in the street? But as Luis awaits his brother's return from duty, his own world expands as well, through swooping paint and the help of their bustling Dominican neighborhood. ...more",Childrens,Three,images/Luis Paints the World.jpg
http://books.toscrape.com/catalogue/nap-a-roo_567/index.html,913e7109cec0cb4c,Nap-a-Roo,Â£25.08,Â£25.08,In stock (9 available),"Finalist, 9th Annual National Indie Excellence Awards Fast, fun, and engaging, this book makes sleepy time special for children and parents alike. Follow the kangaroo through the zoo as he gets ready for a nap-a-roo. Little ones can't get enough of this adorable modern book that centers around naps. With colorful images and imaginative text, this story is easy to fall in l Finalist, 9th Annual National Indie Excellence Awards Fast, fun, and engaging, this book makes sleepy time special for children and parents alike. Follow the kangaroo through the zoo as he gets ready for a nap-a-roo. Little ones can't get enough of this adorable modern book that centers around naps. With colorful images and imaginative text, this story is easy to fall in love with. Children will enjoy taking a nap-a-roo just like the kangaroo. ...more",Childrens,One,images/Nap-a-Roo.jpg
http://books.toscrape.com/catalogue/the-whale_501/index.html,0ff9d10864db8364,The Whale,Â£35.96,Â£35.96,In stock (7 available),"A wordless epic sea adventureThere is a legend that a Great Spotted Whale lives in the ocean, although a sighting fifty years ago was never corroborated. Now two young whale watchers each set out to find the whale, one armed with sound-recording equipment, the other with a camera. When their boats collide, they pool their resources to capture incontrovertible proof that th A wordless epic sea adventureThere is a legend that a Great Spotted Whale lives in the ocean, although a sighting fifty years ago was never corroborated. Now two young whale watchers each set out to find the whale, one armed with sound-recording equipment, the other with a camera. When their boats collide, they pool their resources to capture incontrovertible proof that the mythical whale exists. The eventual sighting is a magical moment, especially when the children discover that it was their own grandparents who first glimpsed the whale fifty years ago. The Murrowsâ spectacular wordless adventure is brought to life with stunning graphite drawings that convey the drama and haunting beauty of the ocean and capture the majesty of the awe-inspiring whale. ...more",Childrens,Four,images/The Whale.jpg
http://books.toscrape.com/catalogue/shrunken-treasures-literary-classics-short-sweet-and-silly_484/index.html,9639e89d20228e6e,"Shrunken Treasures: Literary Classics, Short, Sweet, and Silly",Â£52.87,Â£52.87,In stock (7 available),"Nine weighty literary classics are transformed into delectable morsels with Scott Nashâs playful versification and whimsical illustration.Canât stomach all of Frankenstein? Lacking the strength to read The Odyssey? Donât have 1,001 nights to get through Scheherazadeâs ordeal? Never fear, Shrunken Treasures are here! Nine of the worldâs best-known stories and books have bee Nine weighty literary classics are transformed into delectable morsels with Scott Nashâs playful versification and whimsical illustration.Canât stomach all of Frankenstein? Lacking the strength to read The Odyssey? Donât have 1,001 nights to get through Scheherazadeâs ordeal? Never fear, Shrunken Treasures are here! Nine of the worldâs best-known stories and books have been reduced, like slowly simmered cherries, to tart and tasty mouthfuls. Lighthearted verse turns Moby-Dick into a simple nursery song. Outrageous color makes even gloomy Hamlet seem like fun. Riotous images transform Jane Eyreâs ordeal into a whirlwind adventure. The Metamorphosis, Remembrance of Things Past, Don Quixote, and others have all been delivered from dense duty to delightful ditty in Scott Nashâs collection of hallowed classics, featuring notes about the original texts at the end. ...more",Childrens,Three,"images/Shrunken Treasures: Literary Classics, Short, Sweet, and Silly.jpg"
http://books.toscrape.com/catalogue/raymie-nightingale_482/index.html,31c56c4d0fe19340,Raymie Nightingale,Â£34.41,Â£34.41,In stock (7 available),"Raymie Clarke has come to realize that everything, absolutely everything, depends on her. And she has a plan. If Raymie can win the Little Miss Central Florida Tire competition, then her father, who left town two days ago with a dental hygienist, will see Raymie's picture in the paper and (maybe) come home. To win, not only does Raymie have to do good deeds and learn how t Raymie Clarke has come to realize that everything, absolutely everything, depends on her. And she has a plan. If Raymie can win the Little Miss Central Florida Tire competition, then her father, who left town two days ago with a dental hygienist, will see Raymie's picture in the paper and (maybe) come home. To win, not only does Raymie have to do good deeds and learn how to twirl a baton; she also has to contend with the wispy, frequently fainting Louisiana Elefante, who has a show-business background, and the fiery, stubborn Beverly Tapinski, whoâs determined to sabotage the contest. But as the competition approaches, loneliness, loss, and unanswerable questions draw the three girls into an unlikely friendship â and challenge each of them to come to the rescue in unexpected ways. ...more",Childrens,Two,images/Raymie Nightingale.jpg
http://books.toscrape.com/catalogue/playing-from-the-heart_481/index.html,68008abf6409dfde,Playing from the Heart,Â£32.38,Â£32.38,In stock (7 available),"Peter H. Reynolds, creator of The Dot, has composed a pitch-perfect tribute to the power of music and the bonds of family.When a young boy begins to play on his familyâs piano, reveling in the fun of plunking the keys, his father signs him up for lessons so that he can learn to play properly. With his fatherâs encouragement, Raj learns notes, then scales, then songs, and Peter H. Reynolds, creator of The Dot, has composed a pitch-perfect tribute to the power of music and the bonds of family.When a young boy begins to play on his familyâs piano, reveling in the fun of plunking the keys, his father signs him up for lessons so that he can learn to play properly. With his fatherâs encouragement, Raj learns notes, then scales, then songs, and finally classical pieces that his father can recognize and be proud of. But the more Raj practices and the more skilled he becomes, the less he enjoys playing, until he grows up and stops playing altogether. But when his father becomes ill and asks Raj to play for him, will Raj remember how to play from the heart? ...more",Childrens,One,images/Playing from the Heart.jpg
http://books.toscrape.com/catalogue/maybe-something-beautiful-how-art-transformed-a-neighborhood_386/index.html,81c68492ccd72941,Maybe Something Beautiful: How Art Transformed a Neighborhood,Â£22.54,Â£22.54,In stock (5 available),"What good can a splash of color do in a community of gray? As Mira and her neighbors discover, more than you might ever imagine! Based on the true story of the Urban Art Trail in San Diego, California, Maybe Something Beautiful reveals how art can inspire transformationâand how even the smallest artists can accomplish something big. Pick up a paintbrush and join the celebr What good can a splash of color do in a community of gray? As Mira and her neighbors discover, more than you might ever imagine! Based on the true story of the Urban Art Trail in San Diego, California, Maybe Something Beautiful reveals how art can inspire transformationâand how even the smallest artists can accomplish something big. Pick up a paintbrush and join the celebration!Â Â  ...more",Childrens,One,images/Maybe Something Beautiful: How Art Transformed a Neighborhood.jpg
http://books.toscrape.com/catalogue/the-wild-robot_288/index.html,75fed6a47f69859d,The Wild Robot,Â£56.07,Â£56.07,In stock (3 available),"When robot Roz opens her eyes for the first time, she discovers that she is alone on a remote, wild island. Why is she there? Where did she come from? And, most important, how will she survive in her harsh surroundings? Roz's only hope is to learn from the island's hostile animal inhabitants. When she tries to care for an orphaned gosling, the other animals finally decide When robot Roz opens her eyes for the first time, she discovers that she is alone on a remote, wild island. Why is she there? Where did she come from? And, most important, how will she survive in her harsh surroundings? Roz's only hope is to learn from the island's hostile animal inhabitants. When she tries to care for an orphaned gosling, the other animals finally decide to help, and the island starts to feel like home. Until one day, the robot's mysterious past comes back to haunt her.... ...more",Childrens,Three,images/The Wild Robot.jpg
http://books.toscrape.com/catalogue/the-thing-about-jellyfish_283/index.html,3d15714d4d3d15dd,The Thing About Jellyfish,Â£48.77,Â£48.77,In stock (3 available),"This stunning debut novel about grief and wonder was an instant New York Times bestseller and captured widespread critical acclaim, including selection as a 2015 National Book Award finalist! After her best friend dies in a drowning accident, Suzy is convinced that the true cause of the tragedy must have been a rare jellyfish sting-things don't just happen for no reason. R This stunning debut novel about grief and wonder was an instant New York Times bestseller and captured widespread critical acclaim, including selection as a 2015 National Book Award finalist! After her best friend dies in a drowning accident, Suzy is convinced that the true cause of the tragedy must have been a rare jellyfish sting-things don't just happen for no reason. Retreating into a silent world of imagination, she crafts a plan to prove her theory--even if it means traveling the globe, alone. Suzy's achingly heartfelt journey explores life, death, the astonishing wonder of the universe...and the potential for love and hope right next door. ...more",Childrens,One,images/The Thing About Jellyfish.jpg
http://books.toscrape.com/catalogue/the-lonely-ones_261/index.html,cf2f27fdf94ba20e,The Lonely Ones,Â£43.59,Â£43.59,In stock (3 available),"When your only friend is your own endless imagination, how do you escape your mind and connect to the world around you?With parents too busy to pay her attention, an older brother and sister who would rather spend their time with friends, and peers who oscillate between picking on her and simply ignoring her, it's no wonder that Fain spends most of her time in a world of h When your only friend is your own endless imagination, how do you escape your mind and connect to the world around you?Â With parents too busy to pay her attention, an older brother and sister who would rather spend their time with friends, and peers who oscillate between picking on her and simply ignoring her, it's no wonder that Fain spends most of her time in a world of her own making. During the day, Fain takes solace in crafting her own fantastical adventures in writing, but in the darkness of night, these adventures come to life as Fain lives and breathes alongside a legion of imaginary creatures. Whether floating through space or under the sea, climbing mountains or traipsing through forests, Fain becomes queen beyond - and in spite of - the walls of her bedroom.In time, Fain begins to see possibilities and friendships emerge in her day-to-day reality. . . yet when she is let down by the one relationship she thought she could trust, Fain must decide: remain queen of the imaginary creatures, or risk the pain that comes with opening herself up to the fragile connections that exist only in the real world?Â Told in breathless and visual verse, THE LONELY ONES takes readers through the intricate inner workings of a girl who struggles to navigate isolation and finds friendship where she least expects it. ...more",Childrens,Five,images/The Lonely Ones.jpg
http://books.toscrape.com/catalogue/the-day-the-crayons-came-home-crayons_241/index.html,b22362b434e8ee62,The Day the Crayons Came Home (Crayons),Â£26.33,Â£26.33,In stock (3 available),"The companion to the #1 blockbuster bestseller, The Day the Crayons Quit! I'm not sure what it is about this kid Duncan, but his crayons sure are a colorful bunch of characters! Having soothed the hurt feelings of one group who threatened to quit, Duncan now faces a whole new group of crayons asking to be rescued. From Maroon Crayon, who was lost beneath the sofa cushions The companion to the #1 blockbuster bestseller, The Day the Crayons Quit! I'm not sure what it is about this kid Duncan, but his crayons sure are a colorful bunch of characters! Having soothed the hurt feelings of one group who threatened to quit, Duncan now faces a whole new group of crayons asking to be rescued. From Maroon Crayon, who was lost beneath the sofa cushions and then broken in two after Dad sat on him; to poor Turquoise, whose head is now stuck to one of Duncan's stinky socks after they both ended up in the dryer together; to Pea Green, who knows darn well that no kid likes peas and who ran awayâeach and every crayon has a woeful tale to tell and a plea to be brought home to the crayon box. Drew Daywalt and Oliver Jeffers have combined to create a companion book every bit as funny and kid-friendly as the #1 bestsellingÂ The Day the Crayons Quit.Praise for The Day the Crayons Quit The #1Â New York Times bestselling phenomenon â over 80 weeks on the bestseller list!Winner of the E.B. White Read-Aloud Award Amazonâs 2013 Best Picture Book of the Year A Barnes & Noble Best Book of 2013 Goodreadsâ 2013 Best Picture Book of the YearÂ  * âHilarious . . . Move over, Click, Clack, Moo; weâve got a new contender for the most successful picture-book strike.â âBCCB, starred reviewÂ  âJeffers . . . elevates crayon drawing to remarkable heights.â âBooklist âFresh and funny.â âThe Wall Street Journal ""This book will have children asking to have it read again and again.â âLibrary Media Connection * âThis colorful title should make for an uproarious storytime.â âSchool Library Journal, starred reviewÂ  * âThese memorable personalities will leave readers glancing apprehensively at their own crayon boxes.â âPublishers Weekly, starred reviewÂ  âUtterly original.â âSan Francisco Chronicle ...more",Childrens,Five,images/The Day the Crayons Came Home (Crayons).jpg
