product_page_url,universal_product_code (upc),book_title,price_including_tax,price_excluding_tax,quantity_available,product_description,category,review_rating,image_url
http://books.toscrape.com/catalogue/the-requiem-red_995/index.html,f77dbf2323deb740,The Requiem Red,Â£22.65,Â£22.65,In stock (19 available),"Patient Twenty-nine.A monster roams the halls of Soothing Hills Asylum. Three girls dead. 29 is endowed with the curseâ¦or gift of perception. She hears messages in music, sees lyrics in paintings. And the corn. A lifetime asylum resident, the orchestral corn music is the only constant in her life.Mason, a new, kind orderly, sees 29 as a woman, not a lunatic. And as his bel Patient Twenty-nine.A monster roams the halls of Soothing Hills Asylum. Three girls dead. 29 is endowed with the curseâ¦or gift of perception. She hears messages in music, sees lyrics in paintings. And the corn. A lifetime asylum resident, the orchestral corn music is the only constant in her life.Mason, a new, kind orderly, sees 29 as a woman, not a lunatic. And as his belief in her grows, so does her self- confidence. That perhaps she might escape, might see the outside world. But the monster has other plans. The missing girls share one common thread...each was twenty-nine's cell mate. Will she be next? ...more",Young Adult,One,images/The Requiem Red.jpg
http://books.toscrape.com/catalogue/set-me-free_988/index.html,ce6396b0f23f6ecc,Set Me Free,Â£17.46,Â£17.46,In stock (19 available),"Aaron Ledbetterâs future had been planned out for him since before he was born. Each year, the Ledbetter family vacation on Tybee Island gave Aaron a chance to briefly free himself from his familyâs expectations. When he meets Jonas âLuckyâ Luckett, a caricature artist in town with the traveling carnival, he must choose between the life thatâs been mapped out for him, and Aaron Ledbetterâs future had been planned out for him since before he was born. Each year, the Ledbetter family vacation on Tybee Island gave Aaron a chance to briefly free himself from his familyâs expectations. When he meets Jonas âLuckyâ Luckett, a caricature artist in town with the traveling carnival, he must choose between the life thatâs been mapped out for him, and the chance at true love. ...more",Young Adult,Five,images/Set Me Free.jpg
http://books.toscrape.com/catalogue/the-natural-history-of-us-the-fine-art-of-pretending-2_941/index.html,cedf82b5086e4691,The Natural History of Us (The Fine Art of Pretending #2),Â£45.22,Â£45.22,In stock (16 available),"One class assignment. One second chance at love. The school player is all in. Now he needs to win back the sweet commitment girl who's forever owned his heart. Justin Carter has a secret. He's not the total player Fairfield Academy believes him to be. Not really. In fact, he used to be a one-woman guy...and his feelings for her never went away. Too bad he broke her heart t One class assignment. One second chance at love. The school player is all in. Now he needs to win back the sweet commitment girl who's forever owned his heart. Justin Carter has a secret. He's not the total player Fairfield Academy believes him to be. Not really. In fact, he used to be a one-woman guy...and his feelings for her never went away. Too bad he broke her heart three years ago and made sure to ruin any chance she'd ever forgive him. Peyton Williams is a liar. She pretends to be whole, counting down the days until graduation and helping her parents at the family ranch. But the truth is, she's done everything she can to get over Justin, and salvation is just around the corner. With graduation one short month away, she'll soon break free from the painful memories and start her life fresh. Of course, she has to get through working with him on one last assignment first. For Justin, nothing ever felt as right as being with Peyton, and now that fate's given him a shot at redemption, he's determined to make the most of it. And for Peyton...well, Justin Carter has always been her kryptonite. ...more",Young Adult,Three,images/The Natural History of Us (The Fine Art of Pretending #2).jpg
http://books.toscrape.com/catalogue/obsidian-lux-1_911/index.html,3c346ab1e76ae1f6,Obsidian (Lux #1),Â£14.86,Â£14.86,In stock (16 available),"Starting over sucks.When we moved to West Virginia right before my senior year, Iâd pretty much resigned myself to thick accents, dodgy internet access, and a whole lot of boringâ¦ until I spotted my hot neighbor, with his looming height and eerie green eyes. Things were looking up.And then he opened his mouth.Daemon is infuriating. Arrogant. Stab-worthy. We do not get alon Starting over sucks.When we moved to West Virginia right before my senior year, Iâd pretty much resigned myself to thick accents, dodgy internet access, and a whole lot of boringâ¦ until I spotted my hot neighbor, with his looming height and eerie green eyes. Things were looking up.And then he opened his mouth.Daemon is infuriating. Arrogant. Stab-worthy. We do not get along. At all. But when a stranger attacks me and Daemon literally freezes time with a wave of his hand, well, somethingâ¦ unexpected happens. The hot alien living next door marks me.You heard me. Alien. Turns out Daemon and his sister have a galaxy of enemies wanting to steal their abilities, and Daemonâs touch has me lit up like the Vegas Strip. The only way Iâm getting out of this alive is by sticking close to Daemon until my alien mojo fades. If I donât kill him first, that is. ...more",Young Adult,Two,images/Obsidian (Lux #1).jpg
http://books.toscrape.com/catalogue/burning_884/index.html,5ceb951f629700a2,Burning,Â£28.81,Â£28.81,In stock (16 available),"After three years in juvie, Angela Davis is just a few months shy of release, and she'll finally be free from the hole that is Brunesfield Correctional Facility. Then Jessica arrives. Only ten years old and under the highest security possible, this girl has to be dangerous, even if no one knows what she did to land in juvie. As strange things begin happening to Angela and After three years in juvie, Angela Davis is just a few months shy of release, and she'll finally be free from the hole that is Brunesfield Correctional Facility. Then Jessica arrives. Only ten years old and under the highest security possible, this girl has to be dangerous, even if no one knows what she did to land in juvie. As strange things begin happening to Angela and her friends that can only be traced to the new girl's arrival, it becomes clear that Brunesfield is no longer safe. They must find a way to get out, but how can they save themselves when the world has forgotten them? ...more",Young Adult,Three,images/Burning.jpg
http://books.toscrape.com/catalogue/a-fierce-and-subtle-poison_875/index.html,842790dfaa937484,A Fierce and Subtle Poison,Â£28.13,Â£28.13,In stock (16 available),"Everyone knows the legends about the cursed girl--Isabel, the one the seÃ±oras whisper about. They say she has green skin and grass for hair, and she feeds on the poisonous plants that fill her familyâs Caribbean island garden. Some say she can grant wishes; some say her touch can kill.Seventeen-year-old Lucas lives on the mainland most of the year but spends summers with h Everyone knows the legends about the cursed girl--Isabel, the one the seÃ±oras whisper about. They say she has green skin and grass for hair, and she feeds on the poisonous plants that fill her familyâs Caribbean island garden. Some say she can grant wishes; some say her touch can kill.Seventeen-year-old Lucas lives on the mainland most of the year but spends summers with his hotel-developer father in Puerto Rico. Heâs grown up hearing stories about the cursed girl, and he wants to believe in Isabel and her magic. When letters from Isabel begin mysteriously appearing in his room the same day his new girlfriend disappears, Lucas turns to Isabel for answers--and finds himself lured into her strange and enchanted world. But time is running out for the girl filled with poison, and the more entangled Lucas becomes with Isabel, the less certain he is of escaping with his own life. ...more",Young Adult,Four,images/A Fierce and Subtle Poison.jpg
http://books.toscrape.com/catalogue/scarlett-epstein-hates-it-here_828/index.html,1c929cfd16b71907,Scarlett Epstein Hates It Here,Â£43.55,Â£43.55,In stock (15 available),"Meet Scarlett Epstein, BNF (Big Name Fan) in her online community of fanfiction writers, world-class nobody at Melville High. Her best (read: only) IRL friends are Avery, a painfully shy and annoyingly attractive bookworm, and Ruth, her weed-smoking, possibly insane seventy-three-year-old neighbor.When Scarlettâs beloved TV show is canceled and her longtime crush, Gideon, Meet Scarlett Epstein, BNF (Big Name Fan) in her online community of fanfiction writers, world-class nobody at Melville High. Her best (read: only) IRL friends are Avery, a painfully shy and annoyingly attractive bookworm, and Ruth, her weed-smoking, possibly insane seventy-three-year-old neighbor.When Scarlettâs beloved TV show is canceled and her longtime crush, Gideon, is sucked out of her orbit and into the dark and distant world of Populars, Scarlett turns to the fanfic message boards for comfort. This time, though, her subjects arenât the swoon-worthy stars of her fave seriesâtheyâre the real-life kids from her high school.Â And if they ever find out what Scarlett truly thinks about them, sheâll be thrust into a situation far more dramatic than anything sheâs ever seen on TVâ¦ ...more",Young Adult,Five,images/Scarlett Epstein Hates It Here.jpg
http://books.toscrape.com/catalogue/nightingale-sing_823/index.html,50b8f80311b31ede,"Nightingale, Sing",Â£38.28,Â£38.28,In stock (15 available),"A teenage vigilante and a ruthless gangster compete to solve a trail of riddles and find a mythical flower. This powerful YA thriller is perfect for fans of The Raven Boys, Six of Crows, and The Conspiracy of Us.*******A STREETWISE VIGILANTEwho will do anything to cure her dying sisterA RUTHLESS GANGSTERon a grisly quest to attain immortalityA DESPERATE FATHERwho crossed o A teenage vigilante and a ruthless gangster compete to solve a trail of riddles and find a mythical flower. This powerful YA thriller is perfect for fans of The Raven Boys, Six of Crows, and The Conspiracy of Us.*******A STREETWISE VIGILANTEwho will do anything to cure her dying sisterA RUTHLESS GANGSTERon a grisly quest to attain immortalityA DESPERATE FATHERwho crossed oceans to free his enslaved sonA TRAIL OF RIDDLESand the mythical treasure they all seek:THE SERENGETI SAPPHIRE ...more",Young Adult,One,"images/Nightingale, Sing.jpg"
http://books.toscrape.com/catalogue/library-of-souls-miss-peregrines-peculiar-children-3_816/index.html,ba54932df84e8cea,Library of Souls (Miss Peregrineâs Peculiar Children #3),Â£48.56,Â£48.56,In stock (15 available),"A boy with extraordinary powers. An army of deadly monsters. An epic battle for the future of peculiardom.The adventure that began with Miss Peregrineâs Home for Peculiar Children and continued in Hollow City comes to a thrilling conclusion with Library of Souls. As the story opens, sixteen-year-old Jacob discovers a powerful new ability, and soon heâs diving through histo A boy with extraordinary powers. An army of deadly monsters. An epic battle for the future of peculiardom.The adventure that began with Miss Peregrineâs Home for Peculiar Children and continued in Hollow City comes to a thrilling conclusion with Library of Souls. As the story opens, sixteen-year-old Jacob discovers a powerful new ability, and soon heâs diving through history to rescue his peculiar companions from a heavily guarded fortress. Accompanying Jacob on his journey are Emma Bloom, a girl with fire at her fingertips, and Addison MacHenry, a dog with a nose for sniffing out lost children.Theyâll travel from modern-day London to the labyrinthine alleys of Devilâs Acre, the most wretched slum in all of Victorian England. Itâs a place where the fate of peculiar children everywhere will be decided once and for all. Like its predecessors, Library of Souls blends thrilling fantasy with never-before-published vintage photography to create a one-of-a-kind reading experience. ...more",Young Adult,Five,images/Library of Souls (Miss Peregrineâs Peculiar Children #3).jpg
http://books.toscrape.com/catalogue/frostbite-vampire-academy-2_810/index.html,116a2fdc9a45bab0,Frostbite (Vampire Academy #2),Â£29.99,Â£29.99,In stock (15 available),"WHEN LOVE AND JEALOUSY COLLIDE ON THE SLOPES, WINTER BREAK TURNS DEADLY...Lissa Dragomir is a Moroi princess: a mortal vampire with a rare gift for harnessing the earth's magic. She must be protected at all times from Strigoi; the fiercest vampires - the ones who never die. The powerful blend of human and vampire blood that flows through Rose Hathaway, Lissa's best friend, WHEN LOVE AND JEALOUSY COLLIDE ON THE SLOPES, WINTER BREAK TURNS DEADLY...Lissa Dragomir is a Moroi princess: a mortal vampire with a rare gift for harnessing the earth's magic. She must be protected at all times from Strigoi; the fiercest vampires - the ones who never die. The powerful blend of human and vampire blood that flows through Rose Hathaway, Lissa's best friend, makes her a dhampir. Rose is dedicated to a dangerous life of protecting Lissa from the Strigoi, who are hell-bent on making Lissa one of them.Rose has serious guy trouble. Her gorgeous tutor, Dimitri, has his eye on someone else, her friend Mason has a huge crush on her, and she keeps getting stuck in her best friend Lissa's head while she's making out with her boyfriend, Christian.Then a nearby Strigoi attack puts St. Vladimir's on high alert, and the Academy whisks its students away on a mandatory holiday ski trip. But the glittering winter landscape and posh Idaho resort only provide the illusion of safety. When three students run away to strike back against the deadly Strigoi, Rose must join forces with Christian to rescue them. Only this time, Rose - and her heart - are in more danger than she ever could have imagined... ...more",Young Adult,Five,images/Frostbite (Vampire Academy #2).jpg
http://books.toscrape.com/catalogue/wild-swans_782/index.html,3fb15ace50d6142b,Wild Swans,Â£14.36,Â£14.36,In stock (14 available),"The summer before Ivyâs senior year is going to be golden; all bonfires, barbeques, and spending time with her best friends. For once, she will just get to be. No summer classes, none of Granddadâs intense expectations to live up to the family name. For generations, the Milbourn women have lead extraordinary livesâand died young and tragically. Granddad calls it a legacy, The summer before Ivyâs senior year is going to be golden; all bonfires, barbeques, and spending time with her best friends. For once, she will just get to be. No summer classes, none of Granddadâs intense expectations to live up to the family name. For generations, the Milbourn women have lead extraordinary livesâand died young and tragically. Granddad calls it a legacy, but Ivy considers it a curse. Why else would her mother have run off and abandoned her as a child?But when her mother unexpectedly returns home with two young daughters in tow, all of the stories Ivy wove to protect her heart start to unravel. The very people she once trusted now speak in lies. And all of Ivyâs ambition and determination cannot defend her against the secrets of the Milbourn pastâ¦. ...more",Young Adult,Two,images/Wild Swans.jpg
http://books.toscrape.com/catalogue/until-friday-night-the-field-party-1_775/index.html,aba2db9afb1469c7,Until Friday Night (The Field Party #1),Â£46.31,Â£46.31,In stock (14 available),"To everyone who knows him, West Ashby has always been that guy: the cocky, popular, way-too-handsome-for-his-own-good football god who led Lawton High to the state championships. But while West may be Big Man on Campus on the outside, on the inside heâs battling the grief that comes with watching his father slowly die of cancer.Two years ago, Maggie Carletonâs life fell ap To everyone who knows him, West Ashby has always been that guy: the cocky, popular, way-too-handsome-for-his-own-good football god who led Lawton High to the state championships. But while West may be Big Man on Campus on the outside, on the inside heâs battling the grief that comes with watching his father slowly die of cancer.Two years ago, Maggie Carletonâs life fell apart when her father murdered her mother. And after she told the police what happened, she stopped speaking and hasnât spoken since. Even the move to Lawton, Alabama, couldnât draw Maggie back out. So she stayed quiet, keeping her sorrow and her fractured heart hidden away.As Westâs pain becomes too much to handle, he knows he needs to talk to someone about his fatherâso in the dark shadows of a post-game party, he opens up to the one girl who he knows wonât tell anyone else.West expected that talking about his dad would bring some relief, or at least a flood of emotions he couldnât control. But he never expected the quiet new girl to reply, to reveal a pain even deeper than his ownâor for them to form a connection so strong that he couldnât ever let her goâ¦ ...more",Young Adult,Two,images/Until Friday Night (The Field Party #1).jpg
http://books.toscrape.com/catalogue/this-is-where-it-ends_771/index.html,f0f38174a7e689a3,This Is Where It Ends,Â£27.12,Â£27.12,In stock (14 available),"10:00 a.m. The principal of Opportunity High School finishes her speech, welcoming the entire student body to a new semester and encouraging them to excel and achieve.10:02 a.m. The students get up to leave the auditorium for their next class.10:03 a.m. The auditorium doors won't open.10:05 a.m. Someone starts shooting.Told from four different perspectives over the span of 10:00 a.m. The principal of Opportunity High School finishes her speech, welcoming the entire student body to a new semester and encouraging them to excel and achieve.10:02 a.m. The students get up to leave the auditorium for their next class.10:03 a.m. The auditorium doors won't open.10:05 a.m. Someone starts shooting.Told from four different perspectives over the span of fifty-four harrowing minutes, terror reigns as one studentâs calculated revenge turns into the ultimate game of survival. ...more",Young Adult,Two,images/This Is Where It Ends.jpg
http://books.toscrape.com/catalogue/the-darkest-lie_747/index.html,6edacfd1f8ebb9eb,The Darkest Lie,Â£35.35,Â£35.35,In stock (14 available),"âThe mother I knew would never do those things.But maybe I never knew her after all.âClothes, jokes, coded messagesâ¦Cecilia Brooks and her mom shared everything. At least, CeCe thought they did. Six months ago, her mom killed herself after accusations of having sex with a student, and CeCeâs been the subject of whispers and taunts ever since. Now, at the start of her high âThe mother I knew would never do those things.But maybe I never knew her after all.âClothes, jokes, coded messagesâ¦Cecilia Brooks and her mom shared everything. At least, CeCe thought they did. Six months ago, her mom killed herself after accusations of having sex with a student, and CeCeâs been the subject of whispers and taunts ever since. Now, at the start of her high school senior year, between dealing with her grieving, distracted father, and the social nightmare that has become her life, CeCe just wants to fly under the radar. Instead, sheâs volunteering at the schoolâs crisis hotlineâthe same place her mother worked.As she counsels troubled strangers, CeCeâs lingering suspicions about her momâs death surface. With the help of Sam, a new student and newspaper intern, she starts to piece together fragmented clues that point to a twisted secret at the heart of her community. Soon, finding the truth isnât just a matter of restoring her motherâs reputation, itâs about saving livesâincluding CeCeâs ownâ¦ ...more",Young Adult,Five,images/The Darkest Lie.jpg
http://books.toscrape.com/catalogue/my-kind-of-crazy_718/index.html,137b0b2775701e11,My Kind of Crazy,Â£40.36,Â£40.36,In stock (14 available),"Despite the best of intentions, seventeen-year old, wisecracking Hank Kirby canât quite seem to catch a break. Itâs not that he means to screw things up all the time, it just happens. A lot. Case in point: his attempt to ask out the girl he likes literally goes up in flames when he spells âPromâ in sparklers on her lawnâ¦and nearly burns down her house. As if that wasnât ba Despite the best of intentions, seventeen-year old, wisecracking Hank Kirby canât quite seem to catch a break. Itâs not that he means to screw things up all the time, it just happens. A lot. Case in point: his attempt to ask out the girl he likes literally goes up in flames when he spells âPromâ in sparklers on her lawnâ¦and nearly burns down her house. As if that wasnât bad enough, Peyton Breedlove, a brooding loner and budding pyromaniac, witnesses the whole thing. Much to Hankâs dismay, Peyton takes an interest in himâand his âwork.â The two are thrust into an unusual friendship, but their boundaries are tested when Hank learns that Peyton is hiding some dark secrets, secrets that may change everything he thought he knew about Peyton. ...more",Young Adult,One,images/My Kind of Crazy.jpg
http://books.toscrape.com/catalogue/dont-get-caught_687/index.html,ad2887ce04583910,Don't Get Caught,Â£55.35,Â£55.35,In stock (14 available),"10:00 tonight at the water tower. Tell no one. -Chaos ClubWhen Max receives a mysterious invite from the untraceable, epic prank-pulling Chaos Club, he has to ask: why him? After all, he's Mr. 2.5 GPA, Mr. No Social Life. He's Just Max. And his favorite heist movies have taught him this situation calls for Rule #4: Be suspicious. But it's also his one shot to leave Just Ma 10:00 tonight at the water tower. Tell no one. -Chaos ClubWhen Max receives a mysterious invite from the untraceable, epic prank-pulling Chaos Club, he has to ask: why him? After all, he's Mr. 2.5 GPA, Mr. No Social Life. He's Just Max. And his favorite heist movies have taught him this situation calls for Rule #4: Be suspicious. But it's also his one shot to leave Just Max in the dust...Yeah, not so much. Max and four fellow students-who also received invites-are standing on the newly defaced water tower when campus security ""catches"" them. Definitely a setup. And this time, Max has had enough. It's time for Rule #7: Always get payback.Let the prank war begin. ...more",Young Adult,One,images/Don't Get Caught.jpg
http://books.toscrape.com/catalogue/catching-jordan-hundred-oaks_673/index.html,e2e7b683b4c15b7d,Catching Jordan (Hundred Oaks),Â£50.83,Â£50.83,In stock (14 available),"ONE OF THE BOYSWhat girl doesn't want to be surrounded by gorgeous jocks day in and day out? Jordan Woods isn't just surrounded by hot guys, though-she leads them as the captain and quarterback of her high school football team. They all see her as one of the guys and that's just fine. As long as she gets her athletic scholarship to a powerhouse university.But everything sh ONE OF THE BOYSWhat girl doesn't want to be surrounded by gorgeous jocks day in and day out? Jordan Woods isn't just surrounded by hot guys, though-she leads them as the captain and quarterback of her high school football team. They all see her as one of the guys and that's just fine. As long as she gets her athletic scholarship to a powerhouse university.But everything she's ever worked for is threatened when Ty Green moves to her school. Not only is he an amazing QB, but he's also amazingly hot. And for the first time, Jordan's feeling vulnerable. Can she keep her head in the game while her heart's on the line? ...more",Young Adult,Three,images/Catching Jordan (Hundred Oaks).jpg
http://books.toscrape.com/catalogue/aristotle-and-dante-discover-the-secrets-of-the-universe-aristotle-and-dante-discover-the-secrets-of-the-universe-1_663/index.html,41164b8ac02a2c42,Aristotle and Dante Discover the Secrets of the Universe (Aristotle and Dante Discover the Secrets of the Universe #1),Â£58.14,Â£58.14,In stock (14 available),"This Printz Honor Book is a âtender, honest exploration of identityâ (Publishers Weekly) that distills lyrical truths about family and friendship.Aristotle is an angry teen with a brother in prison. Dante is a know-it-all who has an unusual way of looking at the world. When the two meet at the swimming pool, they seem to have nothing in common. But as the loners start spen This Printz Honor Book is a âtender, honest exploration of identityâ (Publishers Weekly) that distills lyrical truths about family and friendship.Aristotle is an angry teen with a brother in prison. Dante is a know-it-all who has an unusual way of looking at the world. When the two meet at the swimming pool, they seem to have nothing in common. But as the loners start spending time together, they discover that they share a special friendshipâthe kind that changes lives and lasts a lifetime. And it is through this friendship that Ari and Dante will learn the most important truths about themselves and the kind of people they want to be. ...more",Young Adult,Four,images/Aristotle and Dante Discover the Secrets of the Universe (Aristotle and Dante Discover the Secrets of the Universe #1).jpg
http://books.toscrape.com/catalogue/the-epidemic-the-program-06_636/index.html,f732d7d18a91d2ba,The Epidemic (The Program 0.6),Â£14.44,Â£14.44,In stock (12 available),"Can one girl help others find closure by slipping into the identities of their loved ones? Find out in this riveting sequel to The Remedy and companion to the New York Times bestselling The Treatment and The Program.In a world before The Programâ¦Quinlan McKee has spent her life acting as other people. She was a closerâa person hired to play the role of the recently decease Can one girl help others find closure by slipping into the identities of their loved ones? Find out in this riveting sequel to The Remedy and companion to the New York Times bestselling The Treatment and The Program.In a world before The Programâ¦Quinlan McKee has spent her life acting as other people. She was a closerâa person hired to play the role of the recently deceased in order to give their families closure. Through this process, Quinn learned to read people and situations, even losing a bit of herself to do so. But she couldnât have guessed how her last case would bring down her entire world.The only person Quinn trusts is Deacon, her best friend and the love of her life. Except Deaconâs been keeping secrets of his one, so Quinn must set out alone to find Arthur Pritchard, the doctor whoâs been trying to control her life. The journey brings Quinn to Arthurâs daughter, Virginia, who tells Quinn the truth about Pritchardâs motives. The former closer will start to see that she is the first step in fighting an epidemic.But Quinlan doesnât want to be a cure. And with all the lies surrounding her, she realizes she has no one left to rely on but herselfâeven if she doesnât know who that is anymore. ...more",Young Adult,Five,images/The Epidemic (The Program 0.6).jpg
http://books.toscrape.com/catalogue/stars-above-the-lunar-chronicles-45_632/index.html,b63ea3f7a57ae099,Stars Above (The Lunar Chronicles #4.5),Â£48.05,Â£48.05,In stock (12 available),"The enchantment continues....The universe of the Lunar Chronicles holds storiesâand secretsâthat are wondrous, vicious, and romantic. How did Cinder first arrive in New Beijing? How did the brooding soldier Wolf transform from young man to killer? When did Princess Winter and the palace guard Jacin realize their destinies?With nine storiesâfive of which have never before b The enchantment continues....The universe of the Lunar Chronicles holds storiesâand secretsâthat are wondrous, vicious, and romantic. How did Cinder first arrive in New Beijing? How did the brooding soldier Wolf transform from young man to killer? When did Princess Winter and the palace guard Jacin realize their destinies?With nine storiesâfive of which have never before been publishedâand an exclusive never-before-seen excerpt from Marissa Meyerâs upcoming novel, Heartless, about the Queen of Hearts from Alice in Wonderland, Stars Above is essential for fans of the bestselling and beloved Lunar Chronicles.--The Little Android: A retelling of Hans Christian Andersenâs âThe Little Mermaid,â set in the world of The Lunar Chronicles.Glitches: In this prequel to Cinder, we see the results of the plague play out, and the emotional toll it takes on Cinder. Something that may, or may not, be a glitchâ¦.The Queenâs Army: In this prequel to Scarlet, weâre introduced to the army Queen Levana is building, and one soldier in particular who will do anything to keep from becoming the monster they want him to be.Carswellâs Guide to Being Lucky: Thirteen-year-old Carswell Thorne has big plans involving a Rampion spaceship and a no-return trip out of Los Angeles.The Keeper: A prequel to the Lunar Chronicles, showing a young Scarlet and how Princess Selene came into the care of Michelle Benoit.After Sunshine Passes By: In this prequel to Cress, we see how a nine-year-old Cress ended up alone on a satellite, spying on Earth for Luna.The Princess and the Guard: In this prequel to Winter, we see a game called The PrincessThe Mechanic: In this prequel to Cinder, we see Kai and Cinderâs first meeting from Kaiâs perspective.Something Old, Something New: In this epilogue to Winter, friends gather for the wedding of the century... ...more",Young Adult,Two,images/Stars Above (The Lunar Chronicles #4.5).jpg
